<addon id="plugin.video.websharekodi" name="Webshare Kodi Plugin" version="1.0.0" provider-name="ChatGPT">
    <requires>
        <import addon="xbmc.python" version="3.0.0"/>
    </requires>
    <extension point="xbmc.python.plugin" library="main.py">
        <provides>video</provides>
    </extension>
    <extension point="xbmc.addon.metadata">
        <summary lang="en">Minimal Webshare plugin</summary>
        <description lang="en">Basic Webshare browsing and login support.</description>
        <platform>all</platform>
    </extension>
</addon>
