<addon id="repository.websharekodi" name="Webshare Repository" version="1.0.1" provider-name="patrik0212981">
    <extension point="xbmc.addon.repository" name="Webshare Repository">
        <info>https://patrik981202.github.io/WBPKDV/addons.xml</info>
        <checksum>https://patrik981202.github.io/WBPKDV/addons.xml.md5</checksum>
        <datadir>https://patrik981202.github.io/WBPKDV/zips/</datadir>
    </extension>
    <extension point="xbmc.addon.metadata">
        <summary lang="en">Webshare repository for Kodi</summary>
        <description lang="en">Repository to install Webshare Kodi plugin.</description>
        <platform>all</platform>
    </extension>
</addon>
